CustomerID,CustomerName,City,State
CUST0001,Vihaan Patel,Ahmedabad,Gujarat
CUST0002,Shivani Kumar,Delhi,Delhi
CUST0003,Kiran Verma,Ahmedabad,Gujarat
CUST0004,Kiran Yadav,Kolkata,West Bengal
CUST0005,Rohan Patel,Mumbai,Maharashtra
CUST0006,Rahul Jogi,Delhi,Delhi
CUST0007,Meera Yadav,Pune,Maharashtra
CUST0008,Sneha Gupta,Ahmedabad,Gujarat
CUST0009,Ananya Gupta,Mumbai,Maharashtra
CUST0010,Aarav Reddy,Delhi,Delhi
CUST0011,Meera Reddy,Bangalore,Karnataka
CUST0012,Sneha Naidu,Delhi,Delhi
CUST0013,Vihaan Kumar,Delhi,Delhi
CUST0014,Sneha Reddy,Mumbai,Maharashtra
CUST0015,Rohan Jogi,Bangalore,Karnataka
CUST0016,Arjun Yadav,Ahmedabad,Gujarat
CUST0017,Priya Naidu,Delhi,Delhi
CUST0018,Diya Naidu,Mumbai,Maharashtra
CUST0019,Meera Verma,Bangalore,Karnataka
CUST0020,Sneha Sharma,Hyderabad,Telangana
CUST0021,Ananya Yadav,Pune,Maharashtra
CUST0022,Ananya Jogi,Delhi,Delhi
CUST0023,Ananya Verma,Kolkata,West Bengal
CUST0024,Sneha Jogi,Delhi,Delhi
CUST0025,Shivani Verma,Chennai,Tamil Nadu
CUST0026,Arjun Naidu,Mumbai,Maharashtra
CUST0027,Ananya Yadav,Delhi,Delhi
CUST0028,Ananya Sharma,Ahmedabad,Gujarat
CUST0029,Shivani Yadav,Chennai,Tamil Nadu
CUST0030,Rohan Patel,Delhi,Delhi
CUST0031,Shivani Reddy,Delhi,Delhi
CUST0032,Aditya Kumar,Kolkata,West Bengal
CUST0033,Priya Naidu,Kolkata,West Bengal
CUST0034,Rahul Verma,Delhi,Delhi
CUST0035,Rohan Kumar,Pune,Maharashtra
CUST0036,Arjun Gupta,Mumbai,Maharashtra
CUST0037,Aarav Naidu,Ahmedabad,Gujarat
CUST0038,Meera Jogi,Bangalore,Karnataka
CUST0039,Aditya Verma,Kolkata,West Bengal
CUST0040,Diya Yadav,Mumbai,Maharashtra
CUST0041,Ananya Reddy,Kolkata,West Bengal
CUST0042,Shivani Sharma,Bangalore,Karnataka
CUST0043,Shivani Naidu,Ahmedabad,Gujarat
CUST0044,Vivaan Jogi,Kolkata,West Bengal
CUST0045,Meera Naidu,Pune,Maharashtra
CUST0046,Rohan Verma,Chennai,Tamil Nadu
CUST0047,Rahul Verma,Chennai,Tamil Nadu
CUST0048,Sneha Sharma,Bangalore,Karnataka
CUST0049,Priya Kumar,Hyderabad,Telangana
CUST0050,Rahul Patel,Pune,Maharashtra
CUST0051,Aditya Gupta,Kolkata,West Bengal
CUST0052,Vihaan Jogi,Mumbai,Maharashtra
CUST0053,Sai Verma,Pune,Maharashtra
CUST0054,Aarav Kumar,Chennai,Tamil Nadu
CUST0055,Meera Reddy,Hyderabad,Telangana
CUST0056,Priya Sharma,Pune,Maharashtra
CUST0057,Arjun Patel,Delhi,Delhi
CUST0058,Priya Yadav,Hyderabad,Telangana
CUST0059,Vihaan Yadav,Chennai,Tamil Nadu
CUST0060,Aarav Patel,Delhi,Delhi
CUST0061,Sai Gupta,Delhi,Delhi
CUST0062,Sneha Sharma,Bangalore,Karnataka
CUST0063,Vivaan Gupta,Delhi,Delhi
CUST0064,Rahul Sharma,Bangalore,Karnataka
CUST0065,Sai Jogi,Hyderabad,Telangana
CUST0066,Sai Kumar,Pune,Maharashtra
CUST0067,Rohan Kumar,Kolkata,West Bengal
CUST0068,Diya Gupta,Mumbai,Maharashtra
CUST0069,Kiran Reddy,Delhi,Delhi
CUST0070,Vivaan Yadav,Hyderabad,Telangana
CUST0071,Arjun Verma,Kolkata,West Bengal
CUST0072,Rahul Naidu,Chennai,Tamil Nadu
CUST0073,Aditya Sharma,Delhi,Delhi
CUST0074,Rohan Verma,Ahmedabad,Gujarat
CUST0075,Diya Singh,Pune,Maharashtra
CUST0076,Rahul Gupta,Bangalore,Karnataka
CUST0077,Sai Reddy,Chennai,Tamil Nadu
CUST0078,Sneha Singh,Ahmedabad,Gujarat
CUST0079,Sneha Yadav,Mumbai,Maharashtra
CUST0080,Aditya Sharma,Kolkata,West Bengal
CUST0081,Rohan Kumar,Hyderabad,Telangana
CUST0082,Rahul Kumar,Hyderabad,Telangana
CUST0083,Shivani Kumar,Pune,Maharashtra
CUST0084,Kiran Naidu,Bangalore,Karnataka
CUST0085,Kiran Reddy,Ahmedabad,Gujarat
CUST0086,Sneha Patel,Hyderabad,Telangana
CUST0087,Diya Patel,Chennai,Tamil Nadu
CUST0088,Arjun Jogi,Kolkata,West Bengal
CUST0089,Sai Verma,Hyderabad,Telangana
CUST0090,Sai Patel,Kolkata,West Bengal
CUST0091,Rohan Kumar,Pune,Maharashtra
CUST0092,Aarav Reddy,Ahmedabad,Gujarat
CUST0093,Rohan Verma,Mumbai,Maharashtra
CUST0094,Vivaan Yadav,Mumbai,Maharashtra
CUST0095,Priya Kumar,Hyderabad,Telangana
CUST0096,Kiran Kumar,Delhi,Delhi
CUST0097,Priya Sharma,Chennai,Tamil Nadu
CUST0098,Aditya Jogi,Kolkata,West Bengal
CUST0099,Meera Sharma,Hyderabad,Telangana
CUST0100,Sneha Kumar,Ahmedabad,Gujarat
CUST0101,Kiran Jogi,Chennai,Tamil Nadu
CUST0102,Sneha Naidu,Kolkata,West Bengal
CUST0103,Ananya Jogi,Hyderabad,Telangana
CUST0104,Arjun Jogi,Pune,Maharashtra
CUST0105,Sai Gupta,Mumbai,Maharashtra
CUST0106,Aarav Naidu,Pune,Maharashtra
CUST0107,Shivani Kumar,Bangalore,Karnataka
CUST0108,Shivani Naidu,Kolkata,West Bengal
CUST0109,Meera Reddy,Hyderabad,Telangana
CUST0110,Arjun Singh,Kolkata,West Bengal
CUST0111,Rahul Singh,Mumbai,Maharashtra
CUST0112,Priya Singh,Chennai,Tamil Nadu
CUST0113,Meera Kumar,Chennai,Tamil Nadu
CUST0114,Priya Patel,Ahmedabad,Gujarat
CUST0115,Diya Singh,Chennai,Tamil Nadu
CUST0116,Sai Naidu,Hyderabad,Telangana
CUST0117,Sai Naidu,Hyderabad,Telangana
CUST0118,Kiran Kumar,Pune,Maharashtra
CUST0119,Rahul Naidu,Chennai,Tamil Nadu
CUST0120,Meera Jogi,Mumbai,Maharashtra
CUST0121,Rahul Kumar,Delhi,Delhi
CUST0122,Arjun Naidu,Mumbai,Maharashtra
CUST0123,Rohan Reddy,Hyderabad,Telangana
CUST0124,Vihaan Naidu,Kolkata,West Bengal
CUST0125,Aditya Jogi,Mumbai,Maharashtra
CUST0126,Vivaan Jogi,Delhi,Delhi
CUST0127,Aarav Sharma,Ahmedabad,Gujarat
CUST0128,Shivani Patel,Kolkata,West Bengal
CUST0129,Rohan Gupta,Delhi,Delhi
CUST0130,Sai Reddy,Hyderabad,Telangana
CUST0131,Ananya Naidu,Kolkata,West Bengal
CUST0132,Arjun Kumar,Delhi,Delhi
CUST0133,Vivaan Gupta,Chennai,Tamil Nadu
CUST0134,Rahul Yadav,Bangalore,Karnataka
CUST0135,Aditya Gupta,Pune,Maharashtra
CUST0136,Vivaan Verma,Chennai,Tamil Nadu
CUST0137,Aditya Reddy,Mumbai,Maharashtra
CUST0138,Kiran Yadav,Bangalore,Karnataka
CUST0139,Vihaan Naidu,Delhi,Delhi
CUST0140,Rahul Naidu,Delhi,Delhi
CUST0141,Aditya Patel,Pune,Maharashtra
CUST0142,Diya Gupta,Delhi,Delhi
CUST0143,Arjun Sharma,Delhi,Delhi
CUST0144,Vihaan Jogi,Chennai,Tamil Nadu
CUST0145,Shivani Naidu,Ahmedabad,Gujarat
CUST0146,Rahul Verma,Kolkata,West Bengal
CUST0147,Meera Singh,Mumbai,Maharashtra
CUST0148,Meera Jogi,Kolkata,West Bengal
CUST0149,Diya Yadav,Ahmedabad,Gujarat
CUST0150,Vivaan Verma,Hyderabad,Telangana
CUST0151,Ananya Reddy,Kolkata,West Bengal
CUST0152,Sneha Verma,Kolkata,West Bengal
CUST0153,Aarav Verma,Pune,Maharashtra
CUST0154,Vivaan Jogi,Mumbai,Maharashtra
CUST0155,Arjun Kumar,Hyderabad,Telangana
CUST0156,Kiran Reddy,Bangalore,Karnataka
CUST0157,Vivaan Sharma,Delhi,Delhi
CUST0158,Aarav Jogi,Pune,Maharashtra
CUST0159,Shivani Yadav,Mumbai,Maharashtra
CUST0160,Sneha Verma,Kolkata,West Bengal
CUST0161,Meera Jogi,Hyderabad,Telangana
CUST0162,Ananya Reddy,Hyderabad,Telangana
CUST0163,Rohan Patel,Bangalore,Karnataka
CUST0164,Ananya Kumar,Hyderabad,Telangana
CUST0165,Priya Verma,Delhi,Delhi
CUST0166,Diya Gupta,Bangalore,Karnataka
CUST0167,Shivani Gupta,Delhi,Delhi
CUST0168,Ananya Singh,Kolkata,West Bengal
CUST0169,Vihaan Reddy,Bangalore,Karnataka
CUST0170,Rohan Verma,Chennai,Tamil Nadu
CUST0171,Rahul Naidu,Hyderabad,Telangana
CUST0172,Aditya Reddy,Bangalore,Karnataka
CUST0173,Vihaan Jogi,Pune,Maharashtra
CUST0174,Ananya Singh,Bangalore,Karnataka
CUST0175,Rahul Kumar,Ahmedabad,Gujarat
CUST0176,Vivaan Sharma,Hyderabad,Telangana
CUST0177,Priya Verma,Kolkata,West Bengal
CUST0178,Meera Singh,Mumbai,Maharashtra
CUST0179,Vihaan Singh,Hyderabad,Telangana
CUST0180,Priya Yadav,Mumbai,Maharashtra
CUST0181,Sai Jogi,Chennai,Tamil Nadu
CUST0182,Aarav Kumar,Bangalore,Karnataka
CUST0183,Rohan Singh,Pune,Maharashtra
CUST0184,Priya Sharma,Mumbai,Maharashtra
CUST0185,Sai Reddy,Delhi,Delhi
CUST0186,Rohan Gupta,Delhi,Delhi
CUST0187,Sneha Naidu,Kolkata,West Bengal
CUST0188,Diya Singh,Delhi,Delhi
CUST0189,Vihaan Yadav,Bangalore,Karnataka
CUST0190,Aditya Naidu,Delhi,Delhi
CUST0191,Rohan Verma,Ahmedabad,Gujarat
CUST0192,Shivani Yadav,Chennai,Tamil Nadu
CUST0193,Arjun Sharma,Bangalore,Karnataka
CUST0194,Priya Verma,Mumbai,Maharashtra
CUST0195,Priya Jogi,Bangalore,Karnataka
CUST0196,Ananya Sharma,Pune,Maharashtra
CUST0197,Shivani Singh,Pune,Maharashtra
CUST0198,Aditya Reddy,Delhi,Delhi
CUST0199,Sai Yadav,Kolkata,West Bengal
CUST0200,Shivani Naidu,Mumbai,Maharashtra
CUST0201,Ananya Reddy,Bangalore,Karnataka
CUST0202,Priya Singh,Pune,Maharashtra
CUST0203,Vihaan Patel,Kolkata,West Bengal
CUST0204,Kiran Sharma,Bangalore,Karnataka
CUST0205,Rahul Gupta,Bangalore,Karnataka
CUST0206,Diya Patel,Kolkata,West Bengal
CUST0207,Priya Sharma,Mumbai,Maharashtra
CUST0208,Diya Yadav,Bangalore,Karnataka
CUST0209,Aditya Jogi,Mumbai,Maharashtra
CUST0210,Diya Sharma,Mumbai,Maharashtra
CUST0211,Ananya Verma,Delhi,Delhi
CUST0212,Vivaan Jogi,Bangalore,Karnataka
CUST0213,Sneha Verma,Chennai,Tamil Nadu
CUST0214,Vivaan Singh,Bangalore,Karnataka
CUST0215,Vivaan Reddy,Mumbai,Maharashtra
CUST0216,Shivani Jogi,Hyderabad,Telangana
CUST0217,Vihaan Kumar,Delhi,Delhi
CUST0218,Sai Naidu,Pune,Maharashtra
CUST0219,Meera Singh,Mumbai,Maharashtra
CUST0220,Aarav Jogi,Ahmedabad,Gujarat
CUST0221,Diya Reddy,Hyderabad,Telangana
CUST0222,Aarav Singh,Delhi,Delhi
CUST0223,Sai Reddy,Kolkata,West Bengal
CUST0224,Meera Gupta,Bangalore,Karnataka
CUST0225,Vihaan Gupta,Mumbai,Maharashtra
CUST0226,Arjun Reddy,Delhi,Delhi
CUST0227,Vihaan Kumar,Kolkata,West Bengal
CUST0228,Vivaan Kumar,Kolkata,West Bengal
CUST0229,Rohan Yadav,Chennai,Tamil Nadu
CUST0230,Rahul Gupta,Hyderabad,Telangana
CUST0231,Rahul Sharma,Bangalore,Karnataka
CUST0232,Ananya Reddy,Hyderabad,Telangana
CUST0233,Priya Naidu,Ahmedabad,Gujarat
CUST0234,Aditya Gupta,Pune,Maharashtra
CUST0235,Sai Patel,Ahmedabad,Gujarat
CUST0236,Aarav Kumar,Chennai,Tamil Nadu
CUST0237,Sai Sharma,Chennai,Tamil Nadu
CUST0238,Priya Gupta,Ahmedabad,Gujarat
CUST0239,Ananya Reddy,Hyderabad,Telangana
CUST0240,Rahul Patel,Pune,Maharashtra
CUST0241,Diya Naidu,Chennai,Tamil Nadu
CUST0242,Sai Patel,Pune,Maharashtra
CUST0243,Arjun Yadav,Hyderabad,Telangana
CUST0244,Arjun Singh,Hyderabad,Telangana
CUST0245,Sneha Reddy,Bangalore,Karnataka
CUST0246,Sai Jogi,Delhi,Delhi
CUST0247,Priya Singh,Bangalore,Karnataka
CUST0248,Arjun Jogi,Pune,Maharashtra
CUST0249,Meera Yadav,Pune,Maharashtra
CUST0250,Arjun Jogi,Hyderabad,Telangana
CUST0251,Rohan Gupta,Delhi,Delhi
CUST0252,Vihaan Singh,Chennai,Tamil Nadu
CUST0253,Aarav Gupta,Chennai,Tamil Nadu
CUST0254,Aditya Kumar,Chennai,Tamil Nadu
CUST0255,Aditya Reddy,Pune,Maharashtra
CUST0256,Ananya Verma,Pune,Maharashtra
CUST0257,Arjun Sharma,Mumbai,Maharashtra
CUST0258,Priya Patel,Bangalore,Karnataka
CUST0259,Aditya Yadav,Hyderabad,Telangana
CUST0260,Aarav Patel,Hyderabad,Telangana
CUST0261,Ananya Kumar,Chennai,Tamil Nadu
CUST0262,Arjun Sharma,Hyderabad,Telangana
CUST0263,Vihaan Kumar,Hyderabad,Telangana
CUST0264,Vivaan Gupta,Kolkata,West Bengal
CUST0265,Priya Naidu,Chennai,Tamil Nadu
CUST0266,Kiran Patel,Pune,Maharashtra
CUST0267,Ananya Reddy,Chennai,Tamil Nadu
CUST0268,Shivani Singh,Ahmedabad,Gujarat
CUST0269,Priya Patel,Ahmedabad,Gujarat
CUST0270,Priya Gupta,Chennai,Tamil Nadu
CUST0271,Aditya Singh,Kolkata,West Bengal
CUST0272,Arjun Gupta,Pune,Maharashtra
CUST0273,Meera Reddy,Delhi,Delhi
CUST0274,Rohan Singh,Kolkata,West Bengal
CUST0275,Kiran Sharma,Kolkata,West Bengal
CUST0276,Aditya Kumar,Pune,Maharashtra
CUST0277,Priya Naidu,Delhi,Delhi
CUST0278,Shivani Patel,Chennai,Tamil Nadu
CUST0279,Shivani Gupta,Kolkata,West Bengal
CUST0280,Meera Patel,Ahmedabad,Gujarat
CUST0281,Aarav Naidu,Kolkata,West Bengal
CUST0282,Shivani Reddy,Hyderabad,Telangana
CUST0283,Sai Gupta,Delhi,Delhi
CUST0284,Kiran Singh,Bangalore,Karnataka
CUST0285,Priya Reddy,Chennai,Tamil Nadu
CUST0286,Sneha Reddy,Delhi,Delhi
CUST0287,Shivani Reddy,Bangalore,Karnataka
CUST0288,Ananya Verma,Delhi,Delhi
CUST0289,Sai Gupta,Bangalore,Karnataka
CUST0290,Aarav Sharma,Delhi,Delhi
CUST0291,Aditya Jogi,Chennai,Tamil Nadu
CUST0292,Sneha Gupta,Hyderabad,Telangana
CUST0293,Sneha Yadav,Ahmedabad,Gujarat
CUST0294,Rohan Naidu,Chennai,Tamil Nadu
CUST0295,Aditya Yadav,Delhi,Delhi
CUST0296,Diya Naidu,Chennai,Tamil Nadu
CUST0297,Shivani Naidu,Pune,Maharashtra
CUST0298,Sai Gupta,Delhi,Delhi
CUST0299,Rohan Patel,Delhi,Delhi
CUST0300,Ananya Kumar,Ahmedabad,Gujarat
CUST0301,Shivani Kumar,Bangalore,Karnataka
CUST0302,Sneha Yadav,Pune,Maharashtra
CUST0303,Meera Naidu,Kolkata,West Bengal
CUST0304,Vivaan Patel,Bangalore,Karnataka
CUST0305,Diya Reddy,Bangalore,Karnataka
CUST0306,Kiran Sharma,Pune,Maharashtra
CUST0307,Rohan Jogi,Mumbai,Maharashtra
CUST0308,Rohan Sharma,Pune,Maharashtra
CUST0309,Vivaan Patel,Kolkata,West Bengal
CUST0310,Sneha Naidu,Mumbai,Maharashtra
CUST0311,Arjun Yadav,Mumbai,Maharashtra
CUST0312,Vivaan Naidu,Ahmedabad,Gujarat
CUST0313,Rohan Patel,Pune,Maharashtra
CUST0314,Meera Kumar,Chennai,Tamil Nadu
CUST0315,Aarav Yadav,Bangalore,Karnataka
CUST0316,Vivaan Reddy,Delhi,Delhi
CUST0317,Diya Patel,Bangalore,Karnataka
CUST0318,Sai Naidu,Hyderabad,Telangana
CUST0319,Rohan Sharma,Bangalore,Karnataka
CUST0320,Rohan Singh,Pune,Maharashtra
CUST0321,Rahul Jogi,Pune,Maharashtra
CUST0322,Kiran Gupta,Kolkata,West Bengal
CUST0323,Rahul Singh,Delhi,Delhi
CUST0324,Shivani Jogi,Hyderabad,Telangana
CUST0325,Meera Singh,Hyderabad,Telangana
CUST0326,Priya Verma,Kolkata,West Bengal
CUST0327,Priya Sharma,Pune,Maharashtra
CUST0328,Rohan Jogi,Delhi,Delhi
CUST0329,Ananya Yadav,Chennai,Tamil Nadu
CUST0330,Sneha Naidu,Chennai,Tamil Nadu
CUST0331,Sai Patel,Mumbai,Maharashtra
CUST0332,Meera Sharma,Delhi,Delhi
CUST0333,Meera Yadav,Bangalore,Karnataka
CUST0334,Priya Yadav,Kolkata,West Bengal
CUST0335,Rahul Jogi,Ahmedabad,Gujarat
CUST0336,Aditya Naidu,Chennai,Tamil Nadu
CUST0337,Diya Patel,Ahmedabad,Gujarat
CUST0338,Aarav Kumar,Chennai,Tamil Nadu
CUST0339,Priya Sharma,Chennai,Tamil Nadu
CUST0340,Shivani Jogi,Mumbai,Maharashtra
CUST0341,Ananya Naidu,Kolkata,West Bengal
CUST0342,Rahul Verma,Ahmedabad,Gujarat
CUST0343,Diya Singh,Hyderabad,Telangana
CUST0344,Sneha Reddy,Ahmedabad,Gujarat
CUST0345,Priya Jogi,Pune,Maharashtra
CUST0346,Arjun Kumar,Ahmedabad,Gujarat
CUST0347,Meera Gupta,Chennai,Tamil Nadu
CUST0348,Diya Yadav,Delhi,Delhi
CUST0349,Aarav Reddy,Mumbai,Maharashtra
CUST0350,Rahul Reddy,Hyderabad,Telangana
CUST0351,Sai Gupta,Bangalore,Karnataka
CUST0352,Sai Jogi,Ahmedabad,Gujarat
CUST0353,Vihaan Reddy,Pune,Maharashtra
CUST0354,Vihaan Yadav,Pune,Maharashtra
CUST0355,Vivaan Jogi,Chennai,Tamil Nadu
CUST0356,Shivani Yadav,Delhi,Delhi
CUST0357,Arjun Verma,Bangalore,Karnataka
CUST0358,Rohan Gupta,Bangalore,Karnataka
CUST0359,Sneha Verma,Chennai,Tamil Nadu
CUST0360,Aditya Sharma,Chennai,Tamil Nadu
CUST0361,Arjun Kumar,Hyderabad,Telangana
CUST0362,Shivani Gupta,Bangalore,Karnataka
CUST0363,Priya Reddy,Ahmedabad,Gujarat
CUST0364,Sneha Yadav,Ahmedabad,Gujarat
CUST0365,Sneha Reddy,Delhi,Delhi
CUST0366,Meera Jogi,Mumbai,Maharashtra
CUST0367,Shivani Gupta,Chennai,Tamil Nadu
CUST0368,Kiran Verma,Hyderabad,Telangana
CUST0369,Aditya Gupta,Bangalore,Karnataka
CUST0370,Shivani Sharma,Mumbai,Maharashtra
CUST0371,Rohan Gupta,Kolkata,West Bengal
CUST0372,Sneha Reddy,Bangalore,Karnataka
CUST0373,Ananya Verma,Chennai,Tamil Nadu
CUST0374,Arjun Patel,Pune,Maharashtra
CUST0375,Priya Naidu,Pune,Maharashtra
CUST0376,Shivani Sharma,Kolkata,West Bengal
CUST0377,Aditya Kumar,Bangalore,Karnataka
CUST0378,Diya Jogi,Bangalore,Karnataka
CUST0379,Vihaan Patel,Delhi,Delhi
CUST0380,Arjun Reddy,Kolkata,West Bengal
CUST0381,Sai Singh,Hyderabad,Telangana
CUST0382,Ananya Patel,Pune,Maharashtra
CUST0383,Aditya Yadav,Kolkata,West Bengal
CUST0384,Priya Jogi,Bangalore,Karnataka
CUST0385,Rahul Yadav,Mumbai,Maharashtra
CUST0386,Aditya Sharma,Delhi,Delhi
CUST0387,Ananya Gupta,Pune,Maharashtra
CUST0388,Rohan Naidu,Mumbai,Maharashtra
CUST0389,Sai Jogi,Ahmedabad,Gujarat
CUST0390,Arjun Kumar,Pune,Maharashtra
CUST0391,Aarav Jogi,Delhi,Delhi
CUST0392,Ananya Sharma,Hyderabad,Telangana
CUST0393,Rahul Yadav,Bangalore,Karnataka
CUST0394,Rohan Reddy,Kolkata,West Bengal
CUST0395,Aarav Reddy,Chennai,Tamil Nadu
CUST0396,Rohan Gupta,Hyderabad,Telangana
CUST0397,Aditya Verma,Kolkata,West Bengal
CUST0398,Arjun Sharma,Delhi,Delhi
CUST0399,Rahul Singh,Chennai,Tamil Nadu
CUST0400,Shivani Naidu,Delhi,Delhi
CUST0401,Priya Yadav,Chennai,Tamil Nadu
CUST0402,Sneha Yadav,Mumbai,Maharashtra
CUST0403,Priya Verma,Chennai,Tamil Nadu
CUST0404,Diya Reddy,Delhi,Delhi
CUST0405,Meera Verma,Delhi,Delhi
CUST0406,Diya Naidu,Hyderabad,Telangana
CUST0407,Rohan Sharma,Kolkata,West Bengal
CUST0408,Arjun Singh,Chennai,Tamil Nadu
CUST0409,Priya Naidu,Mumbai,Maharashtra
CUST0410,Aditya Sharma,Hyderabad,Telangana
CUST0411,Aditya Singh,Ahmedabad,Gujarat
CUST0412,Kiran Verma,Ahmedabad,Gujarat
CUST0413,Shivani Kumar,Ahmedabad,Gujarat
CUST0414,Diya Reddy,Kolkata,West Bengal
CUST0415,Shivani Verma,Kolkata,West Bengal
CUST0416,Diya Sharma,Ahmedabad,Gujarat
CUST0417,Rohan Reddy,Bangalore,Karnataka
CUST0418,Priya Sharma,Bangalore,Karnataka
CUST0419,Sneha Kumar,Delhi,Delhi
CUST0420,Vihaan Naidu,Chennai,Tamil Nadu
CUST0421,Diya Singh,Pune,Maharashtra
CUST0422,Meera Jogi,Pune,Maharashtra
CUST0423,Kiran Gupta,Pune,Maharashtra
CUST0424,Vivaan Jogi,Delhi,Delhi
CUST0425,Arjun Singh,Ahmedabad,Gujarat
CUST0426,Aarav Reddy,Hyderabad,Telangana
CUST0427,Diya Kumar,Bangalore,Karnataka
CUST0428,Kiran Reddy,Chennai,Tamil Nadu
CUST0429,Aditya Naidu,Chennai,Tamil Nadu
CUST0430,Kiran Patel,Bangalore,Karnataka
CUST0431,Ananya Verma,Hyderabad,Telangana
CUST0432,Aarav Patel,Delhi,Delhi
CUST0433,Rohan Naidu,Delhi,Delhi
CUST0434,Diya Naidu,Pune,Maharashtra
CUST0435,Kiran Sharma,Ahmedabad,Gujarat
CUST0436,Sneha Naidu,Delhi,Delhi
CUST0437,Meera Gupta,Delhi,Delhi
CUST0438,Meera Jogi,Chennai,Tamil Nadu
CUST0439,Sneha Jogi,Mumbai,Maharashtra
CUST0440,Aarav Reddy,Pune,Maharashtra
CUST0441,Aarav Naidu,Mumbai,Maharashtra
CUST0442,Ananya Verma,Bangalore,Karnataka
CUST0443,Sai Gupta,Bangalore,Karnataka
CUST0444,Aditya Jogi,Pune,Maharashtra
CUST0445,Meera Verma,Delhi,Delhi
CUST0446,Rohan Gupta,Chennai,Tamil Nadu
CUST0447,Ananya Verma,Pune,Maharashtra
CUST0448,Kiran Verma,Chennai,Tamil Nadu
CUST0449,Arjun Singh,Bangalore,Karnataka
CUST0450,Vivaan Singh,Ahmedabad,Gujarat
CUST0451,Aditya Reddy,Bangalore,Karnataka
CUST0452,Rahul Reddy,Delhi,Delhi
CUST0453,Ananya Gupta,Kolkata,West Bengal
CUST0454,Ananya Kumar,Bangalore,Karnataka
CUST0455,Ananya Jogi,Chennai,Tamil Nadu
CUST0456,Rohan Reddy,Delhi,Delhi
CUST0457,Sai Patel,Delhi,Delhi
CUST0458,Meera Gupta,Pune,Maharashtra
CUST0459,Aarav Verma,Chennai,Tamil Nadu
CUST0460,Rahul Gupta,Hyderabad,Telangana
CUST0461,Vihaan Kumar,Delhi,Delhi
CUST0462,Vihaan Gupta,Hyderabad,Telangana
CUST0463,Priya Naidu,Hyderabad,Telangana
CUST0464,Rohan Sharma,Ahmedabad,Gujarat
CUST0465,Arjun Naidu,Delhi,Delhi
CUST0466,Meera Sharma,Delhi,Delhi
CUST0467,Rohan Patel,Chennai,Tamil Nadu
CUST0468,Vivaan Singh,Delhi,Delhi
CUST0469,Vivaan Gupta,Pune,Maharashtra
CUST0470,Rahul Gupta,Ahmedabad,Gujarat
CUST0471,Sneha Kumar,Hyderabad,Telangana
CUST0472,Sai Reddy,Chennai,Tamil Nadu
CUST0473,Priya Yadav,Delhi,Delhi
CUST0474,Aarav Singh,Pune,Maharashtra
CUST0475,Shivani Verma,Bangalore,Karnataka
CUST0476,Rohan Kumar,Ahmedabad,Gujarat
CUST0477,Rahul Gupta,Ahmedabad,Gujarat
CUST0478,Aarav Naidu,Ahmedabad,Gujarat
CUST0479,Kiran Sharma,Delhi,Delhi
CUST0480,Diya Sharma,Mumbai,Maharashtra
CUST0481,Aarav Kumar,Bangalore,Karnataka
CUST0482,Ananya Patel,Bangalore,Karnataka
CUST0483,Kiran Reddy,Kolkata,West Bengal
CUST0484,Meera Gupta,Kolkata,West Bengal
CUST0485,Sneha Singh,Delhi,Delhi
CUST0486,Aarav Reddy,Hyderabad,Telangana
CUST0487,Rohan Gupta,Delhi,Delhi
CUST0488,Aarav Jogi,Ahmedabad,Gujarat
CUST0489,Arjun Gupta,Mumbai,Maharashtra
CUST0490,Vihaan Naidu,Mumbai,Maharashtra
CUST0491,Vivaan Jogi,Kolkata,West Bengal
CUST0492,Rohan Patel,Mumbai,Maharashtra
CUST0493,Diya Jogi,Chennai,Tamil Nadu
CUST0494,Meera Gupta,Mumbai,Maharashtra
CUST0495,Priya Yadav,Mumbai,Maharashtra
CUST0496,Vihaan Singh,Bangalore,Karnataka
CUST0497,Vihaan Gupta,Mumbai,Maharashtra
CUST0498,Priya Patel,Pune,Maharashtra
CUST0499,Sai Reddy,Chennai,Tamil Nadu
CUST0500,Sai Yadav,Bangalore,Karnataka
CUST0501,Vivaan Sharma,Pune,Maharashtra
CUST0502,Arjun Singh,Mumbai,Maharashtra
CUST0503,Ananya Reddy,Ahmedabad,Gujarat
CUST0504,Priya Singh,Mumbai,Maharashtra
CUST0505,Vihaan Verma,Kolkata,West Bengal
CUST0506,Diya Kumar,Ahmedabad,Gujarat
CUST0507,Rohan Yadav,Hyderabad,Telangana
CUST0508,Priya Patel,Ahmedabad,Gujarat
CUST0509,Vivaan Naidu,Chennai,Tamil Nadu
CUST0510,Rahul Patel,Bangalore,Karnataka
CUST0511,Sai Naidu,Pune,Maharashtra
CUST0512,Aditya Sharma,Hyderabad,Telangana
CUST0513,Priya Reddy,Pune,Maharashtra
CUST0514,Arjun Sharma,Delhi,Delhi
CUST0515,Vihaan Gupta,Ahmedabad,Gujarat
CUST0516,Aarav Sharma,Ahmedabad,Gujarat
CUST0517,Sneha Kumar,Ahmedabad,Gujarat
CUST0518,Sneha Kumar,Pune,Maharashtra
CUST0519,Sneha Jogi,Kolkata,West Bengal
CUST0520,Ananya Verma,Chennai,Tamil Nadu
CUST0521,Shivani Sharma,Bangalore,Karnataka
CUST0522,Vihaan Verma,Pune,Maharashtra
CUST0523,Priya Jogi,Mumbai,Maharashtra
CUST0524,Priya Yadav,Hyderabad,Telangana
CUST0525,Aarav Yadav,Mumbai,Maharashtra
CUST0526,Kiran Yadav,Hyderabad,Telangana
CUST0527,Vivaan Patel,Mumbai,Maharashtra
CUST0528,Aarav Reddy,Kolkata,West Bengal
CUST0529,Ananya Jogi,Mumbai,Maharashtra
CUST0530,Kiran Singh,Pune,Maharashtra
CUST0531,Arjun Yadav,Mumbai,Maharashtra
CUST0532,Sai Jogi,Bangalore,Karnataka
CUST0533,Rahul Naidu,Chennai,Tamil Nadu
CUST0534,Sai Reddy,Pune,Maharashtra
CUST0535,Priya Patel,Ahmedabad,Gujarat
CUST0536,Shivani Sharma,Delhi,Delhi
CUST0537,Arjun Naidu,Pune,Maharashtra
CUST0538,Vihaan Patel,Bangalore,Karnataka
CUST0539,Kiran Singh,Mumbai,Maharashtra
CUST0540,Priya Verma,Bangalore,Karnataka
CUST0541,Priya Jogi,Kolkata,West Bengal
CUST0542,Arjun Singh,Ahmedabad,Gujarat
CUST0543,Priya Kumar,Ahmedabad,Gujarat
CUST0544,Aditya Singh,Delhi,Delhi
CUST0545,Rahul Reddy,Chennai,Tamil Nadu
CUST0546,Priya Yadav,Bangalore,Karnataka
CUST0547,Aarav Singh,Hyderabad,Telangana
CUST0548,Priya Gupta,Kolkata,West Bengal
CUST0549,Diya Singh,Bangalore,Karnataka
CUST0550,Rahul Sharma,Chennai,Tamil Nadu
CUST0551,Sneha Patel,Kolkata,West Bengal
CUST0552,Sai Singh,Ahmedabad,Gujarat
CUST0553,Meera Patel,Bangalore,Karnataka
CUST0554,Diya Naidu,Mumbai,Maharashtra
CUST0555,Vihaan Sharma,Mumbai,Maharashtra
CUST0556,Arjun Patel,Kolkata,West Bengal
CUST0557,Aditya Jogi,Mumbai,Maharashtra
CUST0558,Sneha Jogi,Mumbai,Maharashtra
CUST0559,Kiran Singh,Pune,Maharashtra
CUST0560,Vivaan Gupta,Kolkata,West Bengal
CUST0561,Aditya Naidu,Bangalore,Karnataka
CUST0562,Arjun Reddy,Mumbai,Maharashtra
CUST0563,Vivaan Sharma,Kolkata,West Bengal
CUST0564,Sneha Gupta,Delhi,Delhi
CUST0565,Shivani Naidu,Hyderabad,Telangana
CUST0566,Priya Yadav,Ahmedabad,Gujarat
CUST0567,Rohan Kumar,Kolkata,West Bengal
CUST0568,Rohan Yadav,Hyderabad,Telangana
CUST0569,Ananya Sharma,Hyderabad,Telangana
CUST0570,Shivani Verma,Chennai,Tamil Nadu
CUST0571,Meera Patel,Hyderabad,Telangana
CUST0572,Priya Verma,Mumbai,Maharashtra
CUST0573,Ananya Singh,Kolkata,West Bengal
CUST0574,Priya Gupta,Hyderabad,Telangana
CUST0575,Rahul Patel,Bangalore,Karnataka
CUST0576,Arjun Gupta,Hyderabad,Telangana
CUST0577,Priya Jogi,Mumbai,Maharashtra
CUST0578,Rahul Verma,Bangalore,Karnataka
CUST0579,Sai Reddy,Bangalore,Karnataka
CUST0580,Vihaan Patel,Ahmedabad,Gujarat
CUST0581,Aditya Naidu,Ahmedabad,Gujarat
CUST0582,Arjun Jogi,Kolkata,West Bengal
CUST0583,Kiran Sharma,Pune,Maharashtra
CUST0584,Shivani Verma,Chennai,Tamil Nadu
CUST0585,Priya Jogi,Bangalore,Karnataka
CUST0586,Rohan Reddy,Mumbai,Maharashtra
CUST0587,Vivaan Yadav,Mumbai,Maharashtra
CUST0588,Sneha Verma,Chennai,Tamil Nadu
CUST0589,Diya Kumar,Mumbai,Maharashtra
CUST0590,Aditya Gupta,Kolkata,West Bengal
CUST0591,Priya Naidu,Pune,Maharashtra
CUST0592,Kiran Yadav,Chennai,Tamil Nadu
CUST0593,Diya Gupta,Hyderabad,Telangana
CUST0594,Arjun Reddy,Kolkata,West Bengal
CUST0595,Sai Naidu,Chennai,Tamil Nadu
CUST0596,Diya Jogi,Pune,Maharashtra
CUST0597,Sneha Jogi,Bangalore,Karnataka
CUST0598,Rahul Patel,Kolkata,West Bengal
CUST0599,Vivaan Singh,Pune,Maharashtra
CUST0600,Ananya Gupta,Ahmedabad,Gujarat
CUST0601,Shivani Yadav,Chennai,Tamil Nadu
CUST0602,Shivani Sharma,Kolkata,West Bengal
CUST0603,Vivaan Gupta,Chennai,Tamil Nadu
CUST0604,Vihaan Patel,Chennai,Tamil Nadu
CUST0605,Priya Gupta,Chennai,Tamil Nadu
CUST0606,Meera Gupta,Chennai,Tamil Nadu
CUST0607,Aditya Gupta,Ahmedabad,Gujarat
CUST0608,Vivaan Singh,Kolkata,West Bengal
CUST0609,Vihaan Patel,Hyderabad,Telangana
CUST0610,Aditya Yadav,Bangalore,Karnataka
CUST0611,Vihaan Reddy,Hyderabad,Telangana
CUST0612,Diya Patel,Chennai,Tamil Nadu
CUST0613,Shivani Gupta,Chennai,Tamil Nadu
CUST0614,Vihaan Gupta,Hyderabad,Telangana
CUST0615,Vihaan Reddy,Mumbai,Maharashtra
CUST0616,Ananya Reddy,Delhi,Delhi
CUST0617,Sneha Singh,Bangalore,Karnataka
CUST0618,Vihaan Gupta,Pune,Maharashtra
CUST0619,Arjun Gupta,Hyderabad,Telangana
CUST0620,Vihaan Gupta,Ahmedabad,Gujarat
CUST0621,Rohan Yadav,Delhi,Delhi
CUST0622,Aarav Gupta,Ahmedabad,Gujarat
CUST0623,Sneha Singh,Delhi,Delhi
CUST0624,Aditya Jogi,Pune,Maharashtra
CUST0625,Aditya Verma,Pune,Maharashtra
CUST0626,Rohan Sharma,Mumbai,Maharashtra
CUST0627,Sneha Sharma,Bangalore,Karnataka
CUST0628,Sai Kumar,Pune,Maharashtra
CUST0629,Aarav Jogi,Mumbai,Maharashtra
CUST0630,Vihaan Verma,Chennai,Tamil Nadu
CUST0631,Diya Sharma,Chennai,Tamil Nadu
CUST0632,Sai Naidu,Ahmedabad,Gujarat
CUST0633,Aarav Sharma,Delhi,Delhi
CUST0634,Diya Jogi,Kolkata,West Bengal
CUST0635,Diya Kumar,Pune,Maharashtra
CUST0636,Diya Reddy,Bangalore,Karnataka
CUST0637,Kiran Verma,Pune,Maharashtra
CUST0638,Arjun Yadav,Chennai,Tamil Nadu
CUST0639,Arjun Kumar,Chennai,Tamil Nadu
CUST0640,Vivaan Verma,Kolkata,West Bengal
CUST0641,Ananya Yadav,Hyderabad,Telangana
CUST0642,Meera Singh,Bangalore,Karnataka
CUST0643,Aarav Patel,Mumbai,Maharashtra
CUST0644,Rahul Gupta,Mumbai,Maharashtra
CUST0645,Sneha Patel,Mumbai,Maharashtra
CUST0646,Shivani Reddy,Pune,Maharashtra
CUST0647,Sai Yadav,Hyderabad,Telangana
CUST0648,Kiran Patel,Hyderabad,Telangana
CUST0649,Rohan Jogi,Hyderabad,Telangana
CUST0650,Aarav Yadav,Kolkata,West Bengal
CUST0651,Shivani Kumar,Bangalore,Karnataka
CUST0652,Aditya Yadav,Pune,Maharashtra
CUST0653,Vivaan Verma,Hyderabad,Telangana
CUST0654,Aditya Jogi,Pune,Maharashtra
CUST0655,Shivani Singh,Pune,Maharashtra
CUST0656,Vivaan Patel,Bangalore,Karnataka
CUST0657,Vivaan Patel,Mumbai,Maharashtra
CUST0658,Meera Naidu,Pune,Maharashtra
CUST0659,Aditya Gupta,Ahmedabad,Gujarat
CUST0660,Kiran Naidu,Bangalore,Karnataka
CUST0661,Meera Patel,Chennai,Tamil Nadu
CUST0662,Sai Kumar,Chennai,Tamil Nadu
CUST0663,Ananya Verma,Kolkata,West Bengal
CUST0664,Arjun Naidu,Pune,Maharashtra
CUST0665,Diya Reddy,Pune,Maharashtra
CUST0666,Aarav Reddy,Ahmedabad,Gujarat
CUST0667,Diya Yadav,Delhi,Delhi
CUST0668,Kiran Sharma,Hyderabad,Telangana
CUST0669,Arjun Naidu,Chennai,Tamil Nadu
CUST0670,Arjun Gupta,Mumbai,Maharashtra
CUST0671,Meera Verma,Chennai,Tamil Nadu
CUST0672,Shivani Yadav,Mumbai,Maharashtra
CUST0673,Rahul Patel,Kolkata,West Bengal
CUST0674,Diya Naidu,Delhi,Delhi
CUST0675,Sneha Jogi,Ahmedabad,Gujarat
CUST0676,Rahul Reddy,Chennai,Tamil Nadu
CUST0677,Ananya Singh,Chennai,Tamil Nadu
CUST0678,Sai Singh,Bangalore,Karnataka
CUST0679,Sai Singh,Mumbai,Maharashtra
CUST0680,Rohan Verma,Hyderabad,Telangana
CUST0681,Priya Singh,Delhi,Delhi
CUST0682,Ananya Kumar,Mumbai,Maharashtra
CUST0683,Kiran Sharma,Delhi,Delhi
CUST0684,Ananya Kumar,Ahmedabad,Gujarat
CUST0685,Priya Reddy,Mumbai,Maharashtra
CUST0686,Priya Kumar,Bangalore,Karnataka
CUST0687,Vivaan Kumar,Pune,Maharashtra
CUST0688,Vivaan Naidu,Delhi,Delhi
CUST0689,Rohan Naidu,Ahmedabad,Gujarat
CUST0690,Sai Singh,Ahmedabad,Gujarat
CUST0691,Vihaan Yadav,Chennai,Tamil Nadu
CUST0692,Kiran Jogi,Mumbai,Maharashtra
CUST0693,Vihaan Reddy,Mumbai,Maharashtra
CUST0694,Aditya Jogi,Ahmedabad,Gujarat
CUST0695,Arjun Jogi,Kolkata,West Bengal
CUST0696,Meera Sharma,Mumbai,Maharashtra
CUST0697,Aarav Yadav,Chennai,Tamil Nadu
CUST0698,Sneha Kumar,Chennai,Tamil Nadu
CUST0699,Aarav Yadav,Ahmedabad,Gujarat
CUST0700,Shivani Gupta,Kolkata,West Bengal
CUST0701,Shivani Yadav,Hyderabad,Telangana
CUST0702,Sneha Patel,Mumbai,Maharashtra
CUST0703,Ananya Singh,Mumbai,Maharashtra
CUST0704,Shivani Reddy,Pune,Maharashtra
CUST0705,Aarav Singh,Bangalore,Karnataka
CUST0706,Meera Yadav,Mumbai,Maharashtra
CUST0707,Vihaan Kumar,Chennai,Tamil Nadu
CUST0708,Aarav Reddy,Kolkata,West Bengal
CUST0709,Ananya Yadav,Chennai,Tamil Nadu
CUST0710,Meera Yadav,Hyderabad,Telangana
CUST0711,Sai Singh,Delhi,Delhi
CUST0712,Vivaan Verma,Mumbai,Maharashtra
CUST0713,Rahul Reddy,Ahmedabad,Gujarat
CUST0714,Rahul Naidu,Mumbai,Maharashtra
CUST0715,Sneha Sharma,Kolkata,West Bengal
CUST0716,Aditya Singh,Kolkata,West Bengal
CUST0717,Rahul Singh,Ahmedabad,Gujarat
CUST0718,Vihaan Kumar,Kolkata,West Bengal
CUST0719,Arjun Patel,Bangalore,Karnataka
CUST0720,Sneha Gupta,Bangalore,Karnataka
CUST0721,Shivani Kumar,Ahmedabad,Gujarat
CUST0722,Kiran Gupta,Ahmedabad,Gujarat
CUST0723,Aarav Jogi,Bangalore,Karnataka
CUST0724,Meera Patel,Kolkata,West Bengal
CUST0725,Arjun Singh,Mumbai,Maharashtra
CUST0726,Sneha Singh,Mumbai,Maharashtra
CUST0727,Aarav Patel,Hyderabad,Telangana
CUST0728,Aditya Yadav,Chennai,Tamil Nadu
CUST0729,Ananya Jogi,Hyderabad,Telangana
CUST0730,Arjun Gupta,Kolkata,West Bengal
CUST0731,Ananya Patel,Ahmedabad,Gujarat
CUST0732,Rohan Naidu,Chennai,Tamil Nadu
CUST0733,Vivaan Verma,Ahmedabad,Gujarat
CUST0734,Shivani Yadav,Chennai,Tamil Nadu
CUST0735,Aditya Sharma,Delhi,Delhi
CUST0736,Diya Reddy,Chennai,Tamil Nadu
CUST0737,Diya Sharma,Pune,Maharashtra
CUST0738,Priya Sharma,Kolkata,West Bengal
CUST0739,Sneha Singh,Chennai,Tamil Nadu
CUST0740,Arjun Naidu,Bangalore,Karnataka
CUST0741,Vihaan Sharma,Kolkata,West Bengal
CUST0742,Sneha Reddy,Mumbai,Maharashtra
CUST0743,Sai Jogi,Chennai,Tamil Nadu
CUST0744,Arjun Patel,Ahmedabad,Gujarat
CUST0745,Aarav Jogi,Hyderabad,Telangana
CUST0746,Ananya Yadav,Hyderabad,Telangana
CUST0747,Rahul Jogi,Bangalore,Karnataka
CUST0748,Kiran Yadav,Kolkata,West Bengal
CUST0749,Sai Jogi,Ahmedabad,Gujarat
CUST0750,Meera Sharma,Mumbai,Maharashtra
CUST0751,Sai Naidu,Kolkata,West Bengal
CUST0752,Sai Gupta,Pune,Maharashtra
CUST0753,Rahul Patel,Kolkata,West Bengal
CUST0754,Aarav Verma,Chennai,Tamil Nadu
CUST0755,Arjun Sharma,Pune,Maharashtra
CUST0756,Kiran Patel,Pune,Maharashtra
CUST0757,Sai Patel,Delhi,Delhi
CUST0758,Sneha Kumar,Delhi,Delhi
CUST0759,Aditya Naidu,Bangalore,Karnataka
CUST0760,Vivaan Kumar,Ahmedabad,Gujarat
CUST0761,Ananya Patel,Chennai,Tamil Nadu
CUST0762,Sneha Naidu,Bangalore,Karnataka
CUST0763,Vihaan Patel,Delhi,Delhi
CUST0764,Meera Kumar,Bangalore,Karnataka
CUST0765,Meera Patel,Mumbai,Maharashtra
CUST0766,Vivaan Sharma,Ahmedabad,Gujarat
CUST0767,Rohan Patel,Chennai,Tamil Nadu
CUST0768,Vivaan Gupta,Hyderabad,Telangana
CUST0769,Priya Reddy,Kolkata,West Bengal
CUST0770,Aarav Singh,Pune,Maharashtra
CUST0771,Sai Kumar,Chennai,Tamil Nadu
CUST0772,Arjun Patel,Bangalore,Karnataka
CUST0773,Diya Reddy,Bangalore,Karnataka
CUST0774,Rohan Patel,Kolkata,West Bengal
CUST0775,Vivaan Singh,Bangalore,Karnataka
CUST0776,Shivani Gupta,Delhi,Delhi
CUST0777,Arjun Reddy,Pune,Maharashtra
CUST0778,Shivani Kumar,Kolkata,West Bengal
CUST0779,Ananya Kumar,Delhi,Delhi
CUST0780,Arjun Kumar,Delhi,Delhi
CUST0781,Kiran Singh,Chennai,Tamil Nadu
CUST0782,Kiran Yadav,Ahmedabad,Gujarat
CUST0783,Aditya Yadav,Ahmedabad,Gujarat
CUST0784,Aditya Gupta,Pune,Maharashtra
CUST0785,Kiran Reddy,Delhi,Delhi
CUST0786,Rohan Yadav,Bangalore,Karnataka
CUST0787,Priya Jogi,Ahmedabad,Gujarat
CUST0788,Sai Yadav,Kolkata,West Bengal
CUST0789,Vivaan Jogi,Chennai,Tamil Nadu
CUST0790,Sai Jogi,Chennai,Tamil Nadu
CUST0791,Arjun Kumar,Hyderabad,Telangana
CUST0792,Aarav Naidu,Ahmedabad,Gujarat
CUST0793,Ananya Singh,Ahmedabad,Gujarat
CUST0794,Ananya Reddy,Chennai,Tamil Nadu
CUST0795,Rahul Yadav,Chennai,Tamil Nadu
CUST0796,Priya Reddy,Bangalore,Karnataka
CUST0797,Shivani Verma,Chennai,Tamil Nadu
CUST0798,Vihaan Patel,Chennai,Tamil Nadu
CUST0799,Ananya Sharma,Pune,Maharashtra
CUST0800,Aarav Reddy,Bangalore,Karnataka
CUST0801,Meera Kumar,Bangalore,Karnataka
CUST0802,Kiran Naidu,Hyderabad,Telangana
CUST0803,Sneha Singh,Chennai,Tamil Nadu
CUST0804,Sai Gupta,Ahmedabad,Gujarat
CUST0805,Ananya Gupta,Chennai,Tamil Nadu
CUST0806,Rohan Reddy,Delhi,Delhi
CUST0807,Aditya Yadav,Bangalore,Karnataka
CUST0808,Rohan Yadav,Kolkata,West Bengal
CUST0809,Aditya Yadav,Bangalore,Karnataka
CUST0810,Ananya Yadav,Delhi,Delhi
CUST0811,Aarav Singh,Delhi,Delhi
CUST0812,Aditya Sharma,Hyderabad,Telangana
CUST0813,Arjun Verma,Kolkata,West Bengal
CUST0814,Rohan Gupta,Kolkata,West Bengal
CUST0815,Priya Gupta,Hyderabad,Telangana
CUST0816,Rohan Verma,Ahmedabad,Gujarat
CUST0817,Priya Yadav,Hyderabad,Telangana
CUST0818,Priya Naidu,Kolkata,West Bengal
CUST0819,Meera Singh,Pune,Maharashtra
CUST0820,Rahul Sharma,Mumbai,Maharashtra
CUST0821,Ananya Verma,Kolkata,West Bengal
CUST0822,Rohan Singh,Kolkata,West Bengal
CUST0823,Meera Kumar,Chennai,Tamil Nadu
CUST0824,Sneha Naidu,Delhi,Delhi
CUST0825,Arjun Sharma,Pune,Maharashtra
CUST0826,Vivaan Singh,Ahmedabad,Gujarat
CUST0827,Meera Kumar,Pune,Maharashtra
CUST0828,Arjun Naidu,Ahmedabad,Gujarat
CUST0829,Shivani Patel,Chennai,Tamil Nadu
CUST0830,Rahul Singh,Mumbai,Maharashtra
CUST0831,Rahul Reddy,Chennai,Tamil Nadu
CUST0832,Vivaan Jogi,Bangalore,Karnataka
CUST0833,Kiran Verma,Mumbai,Maharashtra
CUST0834,Vivaan Singh,Hyderabad,Telangana
CUST0835,Aditya Yadav,Delhi,Delhi
CUST0836,Diya Reddy,Chennai,Tamil Nadu
CUST0837,Rahul Verma,Bangalore,Karnataka
CUST0838,Rahul Verma,Ahmedabad,Gujarat
CUST0839,Kiran Naidu,Pune,Maharashtra
CUST0840,Vihaan Verma,Delhi,Delhi
CUST0841,Aditya Patel,Bangalore,Karnataka
CUST0842,Shivani Jogi,Mumbai,Maharashtra
CUST0843,Rahul Verma,Bangalore,Karnataka
CUST0844,Kiran Patel,Mumbai,Maharashtra
CUST0845,Sai Naidu,Chennai,Tamil Nadu
CUST0846,Priya Verma,Hyderabad,Telangana
CUST0847,Arjun Patel,Pune,Maharashtra
CUST0848,Sneha Gupta,Kolkata,West Bengal
CUST0849,Sneha Yadav,Bangalore,Karnataka
CUST0850,Aarav Sharma,Kolkata,West Bengal
CUST0851,Kiran Verma,Ahmedabad,Gujarat
CUST0852,Rahul Singh,Hyderabad,Telangana
CUST0853,Arjun Singh,Pune,Maharashtra
CUST0854,Rohan Jogi,Ahmedabad,Gujarat
CUST0855,Rahul Reddy,Ahmedabad,Gujarat
CUST0856,Kiran Kumar,Ahmedabad,Gujarat
CUST0857,Arjun Yadav,Ahmedabad,Gujarat
CUST0858,Priya Gupta,Bangalore,Karnataka
CUST0859,Vivaan Reddy,Delhi,Delhi
CUST0860,Shivani Verma,Hyderabad,Telangana
CUST0861,Arjun Kumar,Chennai,Tamil Nadu
CUST0862,Aditya Jogi,Mumbai,Maharashtra
CUST0863,Sneha Patel,Ahmedabad,Gujarat
CUST0864,Shivani Verma,Chennai,Tamil Nadu
CUST0865,Meera Singh,Pune,Maharashtra
CUST0866,Sai Singh,Bangalore,Karnataka
CUST0867,Arjun Gupta,Pune,Maharashtra
CUST0868,Rohan Singh,Hyderabad,Telangana
CUST0869,Arjun Verma,Kolkata,West Bengal
CUST0870,Aarav Patel,Chennai,Tamil Nadu
CUST0871,Rahul Sharma,Bangalore,Karnataka
CUST0872,Vivaan Yadav,Bangalore,Karnataka
CUST0873,Arjun Sharma,Delhi,Delhi
CUST0874,Vihaan Singh,Ahmedabad,Gujarat
CUST0875,Shivani Patel,Bangalore,Karnataka
CUST0876,Meera Sharma,Ahmedabad,Gujarat
CUST0877,Arjun Kumar,Chennai,Tamil Nadu
CUST0878,Sai Yadav,Pune,Maharashtra
CUST0879,Sai Singh,Kolkata,West Bengal
CUST0880,Arjun Naidu,Hyderabad,Telangana
CUST0881,Sneha Naidu,Hyderabad,Telangana
CUST0882,Aditya Sharma,Mumbai,Maharashtra
CUST0883,Priya Gupta,Kolkata,West Bengal
CUST0884,Vivaan Patel,Ahmedabad,Gujarat
CUST0885,Rohan Reddy,Bangalore,Karnataka
CUST0886,Arjun Kumar,Mumbai,Maharashtra
CUST0887,Meera Jogi,Mumbai,Maharashtra
CUST0888,Rohan Singh,Bangalore,Karnataka
CUST0889,Vihaan Sharma,Bangalore,Karnataka
CUST0890,Vivaan Gupta,Mumbai,Maharashtra
CUST0891,Sneha Patel,Bangalore,Karnataka
CUST0892,Aarav Kumar,Chennai,Tamil Nadu
CUST0893,Shivani Patel,Ahmedabad,Gujarat
CUST0894,Meera Singh,Bangalore,Karnataka
CUST0895,Shivani Reddy,Bangalore,Karnataka
CUST0896,Arjun Jogi,Kolkata,West Bengal
CUST0897,Aditya Sharma,Bangalore,Karnataka
CUST0898,Diya Naidu,Pune,Maharashtra
CUST0899,Shivani Naidu,Chennai,Tamil Nadu
CUST0900,Vivaan Jogi,Delhi,Delhi
CUST0901,Kiran Kumar,Hyderabad,Telangana
CUST0902,Vivaan Sharma,Mumbai,Maharashtra
CUST0903,Kiran Gupta,Chennai,Tamil Nadu
CUST0904,Vivaan Singh,Delhi,Delhi
CUST0905,Rohan Patel,Chennai,Tamil Nadu
CUST0906,Rohan Patel,Ahmedabad,Gujarat
CUST0907,Priya Reddy,Kolkata,West Bengal
CUST0908,Ananya Patel,Delhi,Delhi
CUST0909,Vivaan Kumar,Pune,Maharashtra
CUST0910,Rahul Yadav,Ahmedabad,Gujarat
CUST0911,Kiran Patel,Hyderabad,Telangana
CUST0912,Vihaan Patel,Kolkata,West Bengal
CUST0913,Kiran Yadav,Kolkata,West Bengal
CUST0914,Ananya Gupta,Ahmedabad,Gujarat
CUST0915,Meera Sharma,Mumbai,Maharashtra
CUST0916,Diya Yadav,Mumbai,Maharashtra
CUST0917,Rahul Naidu,Delhi,Delhi
CUST0918,Rohan Kumar,Bangalore,Karnataka
CUST0919,Aarav Yadav,Delhi,Delhi
CUST0920,Rohan Kumar,Hyderabad,Telangana
CUST0921,Rahul Kumar,Chennai,Tamil Nadu
CUST0922,Aarav Sharma,Ahmedabad,Gujarat
CUST0923,Vihaan Gupta,Chennai,Tamil Nadu
CUST0924,Aditya Naidu,Chennai,Tamil Nadu
CUST0925,Meera Verma,Ahmedabad,Gujarat
CUST0926,Shivani Jogi,Delhi,Delhi
CUST0927,Arjun Sharma,Mumbai,Maharashtra
CUST0928,Shivani Gupta,Delhi,Delhi
CUST0929,Sai Patel,Pune,Maharashtra
CUST0930,Sai Gupta,Mumbai,Maharashtra
CUST0931,Meera Verma,Chennai,Tamil Nadu
CUST0932,Kiran Verma,Pune,Maharashtra
CUST0933,Sai Naidu,Delhi,Delhi
CUST0934,Rahul Kumar,Hyderabad,Telangana
CUST0935,Vivaan Sharma,Ahmedabad,Gujarat
CUST0936,Meera Singh,Pune,Maharashtra
CUST0937,Kiran Sharma,Ahmedabad,Gujarat
CUST0938,Priya Patel,Chennai,Tamil Nadu
CUST0939,Rohan Verma,Hyderabad,Telangana
CUST0940,Aarav Sharma,Bangalore,Karnataka
CUST0941,Shivani Verma,Bangalore,Karnataka
CUST0942,Diya Gupta,Chennai,Tamil Nadu
CUST0943,Ananya Gupta,Kolkata,West Bengal
CUST0944,Arjun Naidu,Kolkata,West Bengal
CUST0945,Kiran Yadav,Delhi,Delhi
CUST0946,Shivani Sharma,Hyderabad,Telangana
CUST0947,Sai Reddy,Ahmedabad,Gujarat
CUST0948,Rahul Kumar,Hyderabad,Telangana
CUST0949,Meera Gupta,Kolkata,West Bengal
CUST0950,Vihaan Kumar,Delhi,Delhi
CUST0951,Diya Naidu,Pune,Maharashtra
CUST0952,Rahul Gupta,Mumbai,Maharashtra
CUST0953,Meera Jogi,Chennai,Tamil Nadu
CUST0954,Arjun Jogi,Delhi,Delhi
CUST0955,Ananya Gupta,Kolkata,West Bengal
CUST0956,Priya Singh,Delhi,Delhi
CUST0957,Aditya Sharma,Delhi,Delhi
CUST0958,Kiran Yadav,Hyderabad,Telangana
CUST0959,Rohan Jogi,Delhi,Delhi
CUST0960,Rohan Reddy,Ahmedabad,Gujarat
CUST0961,Meera Sharma,Ahmedabad,Gujarat
CUST0962,Kiran Gupta,Delhi,Delhi
CUST0963,Aarav Naidu,Hyderabad,Telangana
CUST0964,Rohan Gupta,Kolkata,West Bengal
CUST0965,Diya Patel,Delhi,Delhi
CUST0966,Meera Reddy,Ahmedabad,Gujarat
CUST0967,Aditya Gupta,Kolkata,West Bengal
CUST0968,Rohan Jogi,Ahmedabad,Gujarat
CUST0969,Arjun Naidu,Kolkata,West Bengal
CUST0970,Arjun Verma,Kolkata,West Bengal
CUST0971,Shivani Reddy,Ahmedabad,Gujarat
CUST0972,Shivani Reddy,Delhi,Delhi
CUST0973,Diya Kumar,Chennai,Tamil Nadu
CUST0974,Sneha Patel,Ahmedabad,Gujarat
CUST0975,Sai Reddy,Kolkata,West Bengal
CUST0976,Diya Sharma,Pune,Maharashtra
CUST0977,Ananya Naidu,Mumbai,Maharashtra
CUST0978,Meera Reddy,Delhi,Delhi
CUST0979,Kiran Singh,Ahmedabad,Gujarat
CUST0980,Rahul Kumar,Bangalore,Karnataka
CUST0981,Vivaan Verma,Chennai,Tamil Nadu
CUST0982,Meera Verma,Kolkata,West Bengal
CUST0983,Rahul Reddy,Pune,Maharashtra
CUST0984,Vivaan Gupta,Bangalore,Karnataka
CUST0985,Aarav Sharma,Hyderabad,Telangana
CUST0986,Shivani Yadav,Bangalore,Karnataka
CUST0987,Rohan Naidu,Chennai,Tamil Nadu
CUST0988,Meera Sharma,Mumbai,Maharashtra
CUST0989,Aarav Jogi,Hyderabad,Telangana
CUST0990,Diya Jogi,Delhi,Delhi
CUST0991,Meera Patel,Hyderabad,Telangana
CUST0992,Sneha Jogi,Kolkata,West Bengal
CUST0993,Sneha Patel,Delhi,Delhi
CUST0994,Kiran Yadav,Bangalore,Karnataka
CUST0995,Aditya Gupta,Chennai,Tamil Nadu
CUST0996,Arjun Verma,Chennai,Tamil Nadu
CUST0997,Rohan Reddy,Delhi,Delhi
CUST0998,Rohan Reddy,Pune,Maharashtra
CUST0999,Aarav Patel,Chennai,Tamil Nadu
CUST1000,Kiran Kumar,Hyderabad,Telangana
